-- data (run after schema.sql)
insert into documents (id,category,title,client,vendor,ref,doc_date,source_file,headline,price_total,currency) values ('OFF-MECCA-DC-147R4','dust_collector','Pulse Jet Bag Filter Dust Collector - Meccanotecnica (25000 CMH)','Meccanotecnica India Pvt. Ltd.','Vitech Enviro Systems Private Limited','E/PS/147R4/2022-23','2023-06-24','MECCANOTECNICA_DCS_R4_240623.pdf','25000 CMH',3625350.0,'INR');
insert into documents (id,category,title,client,vendor,ref,doc_date,source_file,headline,price_total,currency) values ('OFF-MELSS-DC-160','dust_collector','Pulse Jet Cartridge Dust Collector - MEL Systems (6000 CMH)','MEL Systems and Services Limited','Vitech Enviro Systems Private Limited','E/PS/160/2022-23','2023-05-02','MELSS _DCS_020523.pdf','6000 CMH',2014000.0,'INR');
insert into documents (id,category,title,client,vendor,ref,doc_date,source_file,headline,price_total,currency) values ('OFF-ASCEND-DC-FES070624R5','dust_collector','Dust Collection + Dry Scrubber + Fire Suppression - Ascend Performance Materials','Ascend Performance Materials India Pvt Ltd','Vitech Enviro Systems Private Limited','FES070624-R5/2024-25','2024-10-23','Ascend R5 23.10.24.pdf','6500 CFM',6410000.0,'INR');
insert into documents (id,category,title,client,vendor,ref,doc_date,source_file,headline,price_total,currency) values ('OFF-RAPSRI-DC-203R1','dust_collector','Portable Unit Dust Collector (2 HP) - Rapsri Engineering','Rapsri Engineering Products Company Ltd','Vitech Enviro Systems Private Limited','ENV/DCS/203R1/23-24','2024-01-06','Rapsri Engineering- Unit Dust Collectors_R1060124 .pdf','1200 CMH',270750.0,'INR');
insert into documents (id,category,title,client,vendor,ref,doc_date,source_file,headline,price_total,currency) values ('OFF-OMENGG-DC-323','dust_collector','Unit Bag Filter Dust Collector (manual) - Om Muruga Engineering','Om Muruga Engineering','Vitech Enviro Systems Private Limited','PS/323/2023-24','2023-11-30','OM ENGG BAG FILTER _301123.pdf',NULL,53500.0,'INR');
insert into documents (id,category,title,client,vendor,ref,doc_date,source_file,headline,price_total,currency) values ('OFF-ZFWABCO-OVEN-424R4','hot_air_oven','Batch Type Hot Air Oven (electric, 80C) + Motorized Trolley - ZF WABCO','ZF Commercial Vehicle Control Systems India Limited','Vitech Enviro Systems Private Limited','PS/424R4/2024-25','2024-05-31','ZF WABCO_Batch Oven 2 R4 310524.pdf','1.4 x 1.4 m',1581000.0,'INR');
insert into documents (id,category,title,client,vendor,ref,doc_date,source_file,headline,price_total,currency) values ('OFF-SURFACE-OVEN-356R3','hot_air_oven','Camel Back Bake Oven (diesel, 230C) + I-Beam Conveyor - Surface Treatment Systems','Surface Treatment Systems','Vitech Enviro Systems Private Limited','E/PS/356R3/2023-24','2024-03-15','SURAFACE SYSTEM _CONVEYOR & BAKE OVEN FOR POWDER COAT PLANT_R3180324.pdf','8.5 x 3.5 m',9000000.0,'INR');
insert into documents (id,category,title,client,vendor,ref,doc_date,source_file,headline,price_total,currency) values ('OFF-AG-FE-205R2','fume_extraction','Fume Exhaust System with Enclosure for Robot Welding - AG Industries','AG Industries Pvt Ltd','Vitech Enviro Systems Private Limited','E/PS/205R2/2023-24','2023-11-23','AG Industries_Robotic welding Enclosure _Fume extraction _R2201123.pdf','6000 CFM',798000.0,'INR');
insert into documents (id,category,title,client,vendor,ref,doc_date,source_file,headline,price_total,currency) values ('OFF-ARMSTRONG-CONV-395','conveyor','Paint Booth Conveyor Nonrotating Stopper (38m) - Armstrong International','Armstrong International','Vitech Enviro Systems Private Limited','PS/395/2023-24','2024-03-18','ARMSTRONG_Conveyor Improvements_180324.pdf',NULL,250000.0,'INR');
insert into documents (id,category,title,client,vendor,ref,doc_date,source_file,headline,price_total,currency) values ('OFF-ECOCHIMNEYS-BLAST-072409R4','blast_booth','Dry Type Grit Blast Booth + Paint Suction - Eco Chimneys','Eco Chimneys Private Limited','Vitech Enviro Systems Private Limited','072409-R4(C)/24-25','2024-10-11','Eco Chimneys- blasting & paint suction system R4(corrected) -11.10.24.pdf','8 x 4 m',3300000.0,'INR');
insert into documents (id,category,title,client,vendor,ref,doc_date,source_file,headline,price_total,currency) values ('OFF-WHEELS-PT-97R4','pretreatment_plant','6-Stage Nano PT Plant + Hot Air Oven with SCADA - Wheels India (Sundaram)','Wheels India Ltd','Vitech Enviro Systems Private Limited','E/PS/97R4/2023-24','2023-06-24','SUNDARAM HYDRALICS _PT & BAKE OVEN WITH SCADA _R4240623.pdf',NULL,8600000.0,'INR');
insert into documents (id,category,title,client,vendor,ref,doc_date,source_file,headline,price_total,currency) values ('OFF-TRIDENT-PT-198R2','pretreatment_plant','6-Stage Phosphating Dip Tank Plant + Dry Off Oven - Trident Coating','Trident Coating Pvt Ltd','Vitech Enviro Systems Private Limited','E/PS/198R2/2023-24','2023-07-24','TRIDENT COATING _PHOSPHATING TANK PROCESS PLANT_R2 24723.pdf',NULL,11166390.0,'INR');
insert into documents (id,category,title,client,vendor,ref,doc_date,source_file,headline,price_total,currency) values ('OFF-YONEX-DUCT-286R2','ducting','Exhaust Ducting for Paint Booths (3 sets) - Yonex India','Yonex India Private Limited','Vitech Enviro Systems Private Limited','ENV/PS/286R2/2024','2024-04-02','Yonex _Ducting work_020424.pdf',NULL,360000.0,'INR');
insert into documents (id,category,title,client,vendor,ref,doc_date,source_file,headline,price_total,currency) values ('OFF-BAKERHUGHES-PB-275R3A','paint_booth','Dry Type Paint Booth + Conveyor + Carbon Chamber - Baker Hughes','Baker Hughes','Vitech Enviro Systems Private Limited','ENV/PS/275R3A/2022-23','2023-12-21','Baker Hughes_R3A_211223.pdf','2.2 x 2.5 m',4150400.0,'INR');
insert into documents (id,category,title,client,vendor,ref,doc_date,source_file,headline,price_total,currency) values ('OFF-CRI-PB-082406R4','paint_booth','Dry Type Side Draft Paint Booths (3 sets) - CRI Pumps','C.R.I Pumps Private Limited','Vitech Enviro Systems Private Limited','082406-R4/24-25','2024-10-10','CRI PUMP PB 10.10.24-R4.pdf','5.0 x 3.0 m',6000000.0,'INR');
insert into documents (id,category,title,client,vendor,ref,doc_date,source_file,headline,price_total,currency) values ('OFF-DMN-PB-180624R3','paint_booth','Dry Type Cross Draft Paint Booth + Dry Scrubber - DMN India','DMN India Private Limited','Vitech Enviro Systems Private Limited','180624-R3/2024-25','2024-09-28','DMN Paint booth Dry -R3 280924.pdf','3.0 x 3.0 m',815000.0,'INR');
insert into documents (id,category,title,client,vendor,ref,doc_date,source_file,headline,price_total,currency) values ('OFF-ELGI-PB-402R5','paint_booth','Dry Cross Draft Paint Booth + Activated Carbon Scrubber - Elgi Equipments','Elgi Equipment Limited','Vitech Enviro Systems Private Limited','PS/402R5/2023-24','2024-09-25','Elgi Equipments_P Shop plant R5 -  200824.pdf','3.2 x 3.0 m',2695914.0,'INR');
insert into documents (id,category,title,client,vendor,ref,doc_date,source_file,headline,price_total,currency) values ('OFF-GMR-PB-143R2','paint_booth','Paint Booth + Sanding/Buffing Booth + Air Shower - GMR Aero Technic','GMR School of Aviation','Vitech Enviro Systems Private Limited','ENV/PS/143R2/2022-23','2023-04-15','GMR AERO TECHNIC R2 150423.pdf','5.95 x 1.1 m',2295000.0,'INR');
insert into documents (id,category,title,client,vendor,ref,doc_date,source_file,headline,price_total,currency) values ('OFF-INNOTRANS-PB-344R4','paint_booth','Dry Type Cross Draft Open Paint Booth - Innotrans Systems','Innotrans Systems India Pvt. Ltd.','Vitech Enviro Systems Private Limited','ENV/PS/344R4/2023-24','2024-03-04','Inno Trans _PAINTBOOTH_R4040324.pdf','3.0 x 2.25 m',1365000.0,'INR');
insert into documents (id,category,title,client,vendor,ref,doc_date,source_file,headline,price_total,currency) values ('OFF-KOBELCO-PB-86R2','paint_booth','Dry Type Paint Booth + AHU + 60T Motorized Trolley - Kobelco','Kobelco Industrial Machinery India Private Limited','Vitech Enviro Systems Private Limited','E/PS/86R2/2022-23','2024-03-21','KOBELCO _DRY TYPE BOOTH_R2210324.pdf','4.7 x 5.0 m',5763000.0,'INR');
insert into documents (id,category,title,client,vendor,ref,doc_date,source_file,headline,price_total,currency) values ('OFF-RABWIN-PB-437R1','paint_booth','Dry Type Paint Booth + I-Beam Conveyor - Rabwin Industries','Rabwin Industries Private Limited','Vitech Enviro Systems Private Limited','ENV/PB/437-R1/2024-25','2024-11-15','Rabwin PB R1 151124.pdf','2.25 x 2.25 m',1226675.0,'INR');
insert into documents (id,category,title,client,vendor,ref,doc_date,source_file,headline,price_total,currency) values ('OFF-SEPL-PB-289R1','paint_booth','Dry Type Cross Draft Paint Booths (Stator/Rotor) - SEPL Motors','SEPL Motors (MEL Systems)','Vitech Enviro Systems Private Limited','ENV/PS/289R1/2023-24','2023-10-12','SEPL _PAINTBOOTH_121023.pdf','1.5 x 1.5 m',757000.0,'INR');
insert into documents (id,category,title,client,vendor,ref,doc_date,source_file,headline,price_total,currency) values ('OFF-SEENIVASAN-PB-204R2','paint_booth','Dry Type Cross Draft Open Paint Booth - Seenivasan Painting Works','Seenivasan Painting Works','Vitech Enviro Systems Private Limited','ENV/PS/204R2/2023-24','2023-10-03','SRINIVASA PAINTING WORKS _PAINTBOOTH_R2031023.pdf','3.0 x 2.25 m',485500.0,'INR');
insert into documents (id,category,title,client,vendor,ref,doc_date,source_file,headline,price_total,currency) values ('OFF-STMSPA-PB-349R1','paint_booth','Dry Type Cross Draft Open Paint Booth - STM SPA Gear Drives','STM SPA Gear Drives Pvt Ltd','Vitech Enviro Systems Private Limited','ENV/PS/349R1/2023-24','2024-03-01','STM SPA GEARS LTD  _PAINTBOOTH_R1010324.pdf','1.2 x 2.1 m',317930.0,'INR');
insert into documents (id,category,title,client,vendor,ref,doc_date,source_file,headline,price_total,currency) values ('OFF-SYNERGY-PB-209R3','paint_booth','Dry Type Painting Booth (large) - Synergy FZE Oman','NewSynergy L.L.C (Oman)','Vitech Enviro Systems Private Limited','ENV/PS/209R3/2023-24','2023-08-23','SynergyFZE _R3_230823.pdf','7.5 x 4.0 m',1700000.0,'INR');
insert into documents (id,category,title,client,vendor,ref,doc_date,source_file,headline,price_total,currency) values ('OFF-VALV-PB-133R6','paint_booth','Dry Cross Draft Paint Booth + Abrasive Blasting Booth - Valv Technologies','Valv Technologies','Vitech Enviro Systems Private Limited','ENV/PS/133R6/2023-24','2024-01-11','Offer - Valv Technologies -R6110124.pdf','3.0 x 3.0 m',2380000.0,'INR');
insert into documents (id,category,title,client,vendor,ref,doc_date,source_file,headline,price_total,currency) values ('OFF-YONEX-PB-367','paint_booth','Water Wall Painting Booth - Yonex India','Yonex India Private Limited','Vitech Enviro Systems Private Limited','ENV/PS/367/2023-24','2024-02-08','Yonex 0.9m PB_090224.pdf','0.9 x 0.92 m',605000.0,'INR');
insert into documents (id,category,title,client,vendor,ref,doc_date,source_file,headline,price_total,currency) values ('OFF-ONLOAD-PCP-346R2','powder_coating_plant','Powder Coating Plant (booth + pulse jet + oven + conveyor) - Onload Gears','Onload Gears Pvt Ltd','Vitech Enviro Systems Private Limited','E/PS/346R2/2023-24','2024-01-22','OLG LTD POWDER COATING PLANT _R2 220123 .pdf',NULL,3397869.0,'INR');
insert into documents (id,category,title,client,vendor,ref,doc_date,source_file,headline,price_total,currency) values ('OFF-C2C-WS-178','wet_scrubber','Wet Scrubber - C2C Engineering / Sika Jaipur (735 CFM)','C2C Engineering Private Limited','Vitech Enviro Systems Private Limited','E/APC/178R2/2023-24','2023-05-24','C2C _Sika _Jaipur_R2 240523.pdf','735 CFM',585000.0,'INR');
insert into documents (id,category,title,client,vendor,ref,doc_date,source_file,headline,price_total,currency) values ('OFF-C2C-WS-20240921R1','wet_scrubber','Wet Scrubber - C2C Engineering (900 CFM, baffle type)','C2C Engineering Private Limited','Vitech Enviro Systems Private Limited','ENV/APC/20240921R1/2024-25','2024-11-13','C2C R1 131124.pdf','900 CFM',1176000.0,'INR');
insert into documents (id,category,title,client,vendor,ref,doc_date,source_file,headline,price_total,currency) values ('OFF-OREN-WS-192','wet_scrubber','Wet Scrubber (SS-304) - Oren Hydrocarbons (2300 CFM, 80C)','Oren Hydrocarbons Middle East Inc. FZE','Vitech Enviro Systems Private Limited','ENV/APC/192(1)R4/2023-24','2023-09-13','OREN HYDROCARBON SS SCRUBBER_R4 130923.pdf','2300 CFM',1724200.0,'INR');
insert into documents (id,category,title,client,vendor,ref,doc_date,source_file,headline,price_total,currency) values ('OFF-MECCA-WS-164','wet_scrubber','Fume Extraction Wet Scrubber (PP+FRP) - Meccanotecnica (6100 CMH, oven fumes)','Meccanotecnica India Pvt. Ltd.','Vitech Enviro Systems Private Limited','E/PS/164R4/2022-23','2023-06-24','MECCANOTECNICA_WET SCRUBBERS_R4_240623.pdf','6100 CMH',1842500.0,'INR');
insert into documents (id,category,title,client,vendor,ref,doc_date,source_file,headline,price_total,currency) values ('OFF-GROWEL-WS-190','wet_scrubber','Fume Extraction Wet Scrubber (PP+FRP) - Grauer & Weil / Growel (7000 CFM)','Grauer & Weil (India) Limited','Vitech Enviro Systems Private Limited','ENV/PS/190R4/2023-24','2023-07-18','GROWEL_FMS 1st Floor_Phase 1,2 & Exsisting System_R4_180723.pdf','7000 CFM',1727150.0,'INR');
insert into given_data (document_id,field,value) values ('OFF-MECCA-DC-147R4','air_volume_cmh',25000);
insert into given_data (document_id,field,value) values ('OFF-MECCA-DC-147R4','dust_type','powder form');
insert into given_data (document_id,field,value) values ('OFF-MECCA-DC-147R4','collector_type','pulse jet antistatic pleated polyester bag filter');
insert into given_data (document_id,field,value) values ('OFF-MECCA-DC-147R4','location','outdoor ground level');
insert into given_data (document_id,field,value) values ('OFF-MELSS-DC-160','air_volume_cmh',6000);
insert into given_data (document_id,field,value) values ('OFF-MELSS-DC-160','dust_type','dry mix powder form');
insert into given_data (document_id,field,value) values ('OFF-MELSS-DC-160','collector_type','pulse jet fabric polyester bag filter');
insert into given_data (document_id,field,value) values ('OFF-MELSS-DC-160','no_of_suction_points',26);
insert into given_data (document_id,field,value) values ('OFF-MELSS-DC-160','location','outdoor');
insert into given_data (document_id,field,value) values ('OFF-ASCEND-DC-FES070624R5','air_volume_cfm',6500);
insert into given_data (document_id,field,value) values ('OFF-ASCEND-DC-FES070624R5','air_volume_cmh',11045);
insert into given_data (document_id,field,value) values ('OFF-ASCEND-DC-FES070624R5','no_of_suction_points',26);
insert into given_data (document_id,field,value) values ('OFF-ASCEND-DC-FES070624R5','collector_type','pulse jet cartridge');
insert into given_data (document_id,field,value) values ('OFF-ASCEND-DC-FES070624R5','location','multi-floor');
insert into given_data (document_id,field,value) values ('OFF-RAPSRI-DC-203R1','air_volume_cmh',1200);
insert into given_data (document_id,field,value) values ('OFF-RAPSRI-DC-203R1','collector_type','portable unit dust collector (UDC-2)');
insert into given_data (document_id,field,value) values ('OFF-RAPSRI-DC-203R1','no_of_suction_points',1);
insert into given_data (document_id,field,value) values ('OFF-OMENGG-DC-323','collector_type','unit bag filter, manual handshaker');
insert into given_data (document_id,field,value) values ('OFF-OMENGG-DC-323','no_of_suction_points',1);
insert into given_data (document_id,field,value) values ('OFF-ZFWABCO-OVEN-424R4','length_m',1.4);
insert into given_data (document_id,field,value) values ('OFF-ZFWABCO-OVEN-424R4','width_m',1.4);
insert into given_data (document_id,field,value) values ('OFF-ZFWABCO-OVEN-424R4','height_m',1.0);
insert into given_data (document_id,field,value) values ('OFF-ZFWABCO-OVEN-424R4','operating_temp','80C');
insert into given_data (document_id,field,value) values ('OFF-ZFWABCO-OVEN-424R4','oven_type','batch, electric');
insert into given_data (document_id,field,value) values ('OFF-ZFWABCO-OVEN-424R4','heating_mode','wire element');
insert into given_data (document_id,field,value) values ('OFF-SURFACE-OVEN-356R3','length_m',8.5);
insert into given_data (document_id,field,value) values ('OFF-SURFACE-OVEN-356R3','width_m',3.5);
insert into given_data (document_id,field,value) values ('OFF-SURFACE-OVEN-356R3','height_m',2.4);
insert into given_data (document_id,field,value) values ('OFF-SURFACE-OVEN-356R3','operating_temp','230C');
insert into given_data (document_id,field,value) values ('OFF-SURFACE-OVEN-356R3','oven_type','camel back, conveyorised');
insert into given_data (document_id,field,value) values ('OFF-SURFACE-OVEN-356R3','job_weight_kg',150);
insert into given_data (document_id,field,value) values ('OFF-SURFACE-OVEN-356R3','heating_mode','diesel fired');
insert into given_data (document_id,field,value) values ('OFF-AG-FE-205R2','application','robot welding fume extraction with enclosure');
insert into given_data (document_id,field,value) values ('OFF-AG-FE-205R2','length_m',3.43);
insert into given_data (document_id,field,value) values ('OFF-AG-FE-205R2','width_m',3.56);
insert into given_data (document_id,field,value) values ('OFF-AG-FE-205R2','height_m',2.39);
insert into given_data (document_id,field,value) values ('OFF-AG-FE-205R2','air_volume_cfm',6000);
insert into given_data (document_id,field,value) values ('OFF-ARMSTRONG-CONV-395','application','paint booth conveyor improvement');
insert into given_data (document_id,field,value) values ('OFF-ARMSTRONG-CONV-395','overall_length_m',38);
insert into given_data (document_id,field,value) values ('OFF-ARMSTRONG-CONV-395','system','manual');
insert into given_data (document_id,field,value) values ('OFF-ECOCHIMNEYS-BLAST-072409R4','length_m',8);
insert into given_data (document_id,field,value) values ('OFF-ECOCHIMNEYS-BLAST-072409R4','width_m',4);
insert into given_data (document_id,field,value) values ('OFF-ECOCHIMNEYS-BLAST-072409R4','height_m',3);
insert into given_data (document_id,field,value) values ('OFF-ECOCHIMNEYS-BLAST-072409R4','plant_type','semi abrasive recovery system');
insert into given_data (document_id,field,value) values ('OFF-ECOCHIMNEYS-BLAST-072409R4','operation_method','manual');
insert into given_data (document_id,field,value) values ('OFF-ECOCHIMNEYS-BLAST-072409R4','dust_collection','cartridge system');
insert into given_data (document_id,field,value) values ('OFF-ECOCHIMNEYS-BLAST-072409R4','abrasive','steel grit');
insert into given_data (document_id,field,value) values ('OFF-WHEELS-PT-97R4','job','hydraulic cylinder');
insert into given_data (document_id,field,value) values ('OFF-WHEELS-PT-97R4','job_weight_kg',100);
insert into given_data (document_id,field,value) values ('OFF-WHEELS-PT-97R4','pt_plant_design','6 stage nano coat conversion');
insert into given_data (document_id,field,value) values ('OFF-WHEELS-PT-97R4','plant_type','conveyorised');
insert into given_data (document_id,field,value) values ('OFF-WHEELS-PT-97R4','conveyor_speed_m_min',0.3);
insert into given_data (document_id,field,value) values ('OFF-WHEELS-PT-97R4','operating_temp_c',80);
insert into given_data (document_id,field,value) values ('OFF-TRIDENT-PT-198R2','max_envelope_size_mm','9000 x Dia 505');
insert into given_data (document_id,field,value) values ('OFF-TRIDENT-PT-198R2','max_weight_kg',250);
insert into given_data (document_id,field,value) values ('OFF-TRIDENT-PT-198R2','process_scheme','6 stage phosphating with 6 dip baskets');
insert into given_data (document_id,field,value) values ('OFF-YONEX-DUCT-286R2','application','exhaust ducting for water wall paint booths');
insert into given_data (document_id,field,value) values ('OFF-YONEX-DUCT-286R2','qty',3);
insert into given_data (document_id,field,value) values ('OFF-BAKERHUGHES-PB-275R3A','length_m',2.2);
insert into given_data (document_id,field,value) values ('OFF-BAKERHUGHES-PB-275R3A','width_m',2.5);
insert into given_data (document_id,field,value) values ('OFF-BAKERHUGHES-PB-275R3A','height_m',2.3);
insert into given_data (document_id,field,value) values ('OFF-BAKERHUGHES-PB-275R3A','paint_type','liquid');
insert into given_data (document_id,field,value) values ('OFF-BAKERHUGHES-PB-275R3A','item','valves');
insert into given_data (document_id,field,value) values ('OFF-BAKERHUGHES-PB-275R3A','booth_type','dry type side draft');
insert into given_data (document_id,field,value) values ('OFF-BAKERHUGHES-PB-275R3A','material_handling','manual push-pull I-beam conveyor');
insert into given_data (document_id,field,value) values ('OFF-CRI-PB-082406R4','length_m',5.0);
insert into given_data (document_id,field,value) values ('OFF-CRI-PB-082406R4','width_m',3.0);
insert into given_data (document_id,field,value) values ('OFF-CRI-PB-082406R4','height_m',4.0);
insert into given_data (document_id,field,value) values ('OFF-CRI-PB-082406R4','paint_type','liquid');
insert into given_data (document_id,field,value) values ('OFF-CRI-PB-082406R4','booth_type','dry type side draft');
insert into given_data (document_id,field,value) values ('OFF-CRI-PB-082406R4','operators',2);
insert into given_data (document_id,field,value) values ('OFF-CRI-PB-082406R4','qty',3);
insert into given_data (document_id,field,value) values ('OFF-DMN-PB-180624R3','length_m',3.0);
insert into given_data (document_id,field,value) values ('OFF-DMN-PB-180624R3','width_m',3.0);
insert into given_data (document_id,field,value) values ('OFF-DMN-PB-180624R3','height_m',2.35);
insert into given_data (document_id,field,value) values ('OFF-DMN-PB-180624R3','paint_type','liquid');
insert into given_data (document_id,field,value) values ('OFF-DMN-PB-180624R3','booth_type','dry type cross draft');
insert into given_data (document_id,field,value) values ('OFF-DMN-PB-180624R3','job_size_mm','1300 x 1200 x 960');
insert into given_data (document_id,field,value) values ('OFF-DMN-PB-180624R3','job_weight_kg',1000);
insert into given_data (document_id,field,value) values ('OFF-ELGI-PB-402R5','length_m',3.2);
insert into given_data (document_id,field,value) values ('OFF-ELGI-PB-402R5','width_m',3.0);
insert into given_data (document_id,field,value) values ('OFF-ELGI-PB-402R5','height_m',3.55);
insert into given_data (document_id,field,value) values ('OFF-ELGI-PB-402R5','paint_type','liquid');
insert into given_data (document_id,field,value) values ('OFF-ELGI-PB-402R5','booth_type','dry type cross draft (batch)');
insert into given_data (document_id,field,value) values ('OFF-ELGI-PB-402R5','painting_method','manual');
insert into given_data (document_id,field,value) values ('OFF-GMR-PB-143R2','length_m',5.95);
insert into given_data (document_id,field,value) values ('OFF-GMR-PB-143R2','width_m',1.1);
insert into given_data (document_id,field,value) values ('OFF-GMR-PB-143R2','height_m',2.35);
insert into given_data (document_id,field,value) values ('OFF-GMR-PB-143R2','paint_type','liquid');
insert into given_data (document_id,field,value) values ('OFF-GMR-PB-143R2','booth_type','dry type side draft (batch)');
insert into given_data (document_id,field,value) values ('OFF-GMR-PB-143R2','painting_method','manual');
insert into given_data (document_id,field,value) values ('OFF-INNOTRANS-PB-344R4','length_m',3.0);
insert into given_data (document_id,field,value) values ('OFF-INNOTRANS-PB-344R4','width_m',2.25);
insert into given_data (document_id,field,value) values ('OFF-INNOTRANS-PB-344R4','height_m',2.9);
insert into given_data (document_id,field,value) values ('OFF-INNOTRANS-PB-344R4','paint_type','liquid');
insert into given_data (document_id,field,value) values ('OFF-INNOTRANS-PB-344R4','booth_type','dry type cross draft (batch)');
insert into given_data (document_id,field,value) values ('OFF-KOBELCO-PB-86R2','length_m',4.7);
insert into given_data (document_id,field,value) values ('OFF-KOBELCO-PB-86R2','width_m',5.0);
insert into given_data (document_id,field,value) values ('OFF-KOBELCO-PB-86R2','height_m',5.0);
insert into given_data (document_id,field,value) values ('OFF-KOBELCO-PB-86R2','paint_type','liquid');
insert into given_data (document_id,field,value) values ('OFF-KOBELCO-PB-86R2','booth_type','dry type cross draft');
insert into given_data (document_id,field,value) values ('OFF-KOBELCO-PB-86R2','painting_method','manual');
insert into given_data (document_id,field,value) values ('OFF-KOBELCO-PB-86R2','material_handling','motorized trolley');
insert into given_data (document_id,field,value) values ('OFF-KOBELCO-PB-86R2','job_size_m','3.6 x 2.6 x 3.1 including trolley');
insert into given_data (document_id,field,value) values ('OFF-RABWIN-PB-437R1','length_m',2.25);
insert into given_data (document_id,field,value) values ('OFF-RABWIN-PB-437R1','width_m',2.25);
insert into given_data (document_id,field,value) values ('OFF-RABWIN-PB-437R1','height_m',3.1);
insert into given_data (document_id,field,value) values ('OFF-RABWIN-PB-437R1','paint_type','liquid');
insert into given_data (document_id,field,value) values ('OFF-RABWIN-PB-437R1','item','iron casting');
insert into given_data (document_id,field,value) values ('OFF-RABWIN-PB-437R1','booth_type','dry type cross draft');
insert into given_data (document_id,field,value) values ('OFF-RABWIN-PB-437R1','material_handling','I-beam manual push-pull');
insert into given_data (document_id,field,value) values ('OFF-SEPL-PB-289R1','length_m',1.5);
insert into given_data (document_id,field,value) values ('OFF-SEPL-PB-289R1','width_m',1.5);
insert into given_data (document_id,field,value) values ('OFF-SEPL-PB-289R1','height_m',2.425);
insert into given_data (document_id,field,value) values ('OFF-SEPL-PB-289R1','paint_type','liquid');
insert into given_data (document_id,field,value) values ('OFF-SEPL-PB-289R1','booth_type','dry type cross draft (batch)');
insert into given_data (document_id,field,value) values ('OFF-SEENIVASAN-PB-204R2','length_m',3.0);
insert into given_data (document_id,field,value) values ('OFF-SEENIVASAN-PB-204R2','width_m',2.25);
insert into given_data (document_id,field,value) values ('OFF-SEENIVASAN-PB-204R2','height_m',2.4);
insert into given_data (document_id,field,value) values ('OFF-SEENIVASAN-PB-204R2','paint_type','PU');
insert into given_data (document_id,field,value) values ('OFF-SEENIVASAN-PB-204R2','booth_type','dry type cross draft');
insert into given_data (document_id,field,value) values ('OFF-STMSPA-PB-349R1','length_m',1.2);
insert into given_data (document_id,field,value) values ('OFF-STMSPA-PB-349R1','width_m',2.1);
insert into given_data (document_id,field,value) values ('OFF-STMSPA-PB-349R1','height_m',2.0);
insert into given_data (document_id,field,value) values ('OFF-STMSPA-PB-349R1','paint_type','PU');
insert into given_data (document_id,field,value) values ('OFF-STMSPA-PB-349R1','booth_type','dry type cross draft');
insert into given_data (document_id,field,value) values ('OFF-SYNERGY-PB-209R3','length_m',7.5);
insert into given_data (document_id,field,value) values ('OFF-SYNERGY-PB-209R3','width_m',4.0);
insert into given_data (document_id,field,value) values ('OFF-SYNERGY-PB-209R3','height_m',3.5);
insert into given_data (document_id,field,value) values ('OFF-SYNERGY-PB-209R3','paint_type','liquid');
insert into given_data (document_id,field,value) values ('OFF-SYNERGY-PB-209R3','booth_type','dry type cross side draft (batch)');
insert into given_data (document_id,field,value) values ('OFF-SYNERGY-PB-209R3','painting_method','manual');
insert into given_data (document_id,field,value) values ('OFF-VALV-PB-133R6','length_m',3.0);
insert into given_data (document_id,field,value) values ('OFF-VALV-PB-133R6','width_m',3.0);
insert into given_data (document_id,field,value) values ('OFF-VALV-PB-133R6','height_m',2.9);
insert into given_data (document_id,field,value) values ('OFF-VALV-PB-133R6','paint_type','liquid');
insert into given_data (document_id,field,value) values ('OFF-VALV-PB-133R6','booth_type','dry type cross draft');
insert into given_data (document_id,field,value) values ('OFF-VALV-PB-133R6','component_size_mm','600 x 600 x 1200');
insert into given_data (document_id,field,value) values ('OFF-YONEX-PB-367','length_m',0.9);
insert into given_data (document_id,field,value) values ('OFF-YONEX-PB-367','width_m',0.92);
insert into given_data (document_id,field,value) values ('OFF-YONEX-PB-367','height_m',2.0);
insert into given_data (document_id,field,value) values ('OFF-YONEX-PB-367','paint_type','liquid');
insert into given_data (document_id,field,value) values ('OFF-YONEX-PB-367','booth_type','water wall (AGL type)');
insert into given_data (document_id,field,value) values ('OFF-ONLOAD-PCP-346R2','floor_space_m','17.5 x 6');
insert into given_data (document_id,field,value) values ('OFF-ONLOAD-PCP-346R2','max_component_size_mm','1790 L x 1215 W x 1380 H');
insert into given_data (document_id,field,value) values ('OFF-ONLOAD-PCP-346R2','max_component_weight_kg',540);
insert into given_data (document_id,field,value) values ('OFF-ONLOAD-PCP-346R2','qty_per_shift',10);
insert into given_data (document_id,field,value) values ('OFF-ONLOAD-PCP-346R2','colours_used',3);
insert into given_data (document_id,field,value) values ('OFF-ONLOAD-PCP-346R2','baking_temp_c',180);
insert into given_data (document_id,field,value) values ('OFF-ONLOAD-PCP-346R2','baking_time_min',20);
insert into given_data (document_id,field,value) values ('OFF-ONLOAD-PCP-346R2','standalone_booth_size_m','6.5 W x 8 D');
insert into given_data (document_id,field,value) values ('OFF-C2C-WS-178','air_volume_cfm',735);
insert into given_data (document_id,field,value) values ('OFF-C2C-WS-178','air_volume_cmh',1250);
insert into given_data (document_id,field,value) values ('OFF-C2C-WS-178','operating_temp','ambient');
insert into given_data (document_id,field,value) values ('OFF-C2C-WS-178','tower_diameter_mm',700);
insert into given_data (document_id,field,value) values ('OFF-C2C-WS-178','blower_mounting','direct drive - above the scrubber');
insert into given_data (document_id,field,value) values ('OFF-C2C-WS-178','qty',1);
insert into given_data (document_id,field,value) values ('OFF-C2C-WS-20240921R1','air_volume_cfm',900);
insert into given_data (document_id,field,value) values ('OFF-C2C-WS-20240921R1','air_volume_cmh',1530);
insert into given_data (document_id,field,value) values ('OFF-C2C-WS-20240921R1','operating_temp','ambient');
insert into given_data (document_id,field,value) values ('OFF-C2C-WS-20240921R1','operating_pressure','atmospheric');
insert into given_data (document_id,field,value) values ('OFF-C2C-WS-20240921R1','nature_of_powder','hygroscopic');
insert into given_data (document_id,field,value) values ('OFF-C2C-WS-20240921R1','recirculation_pump_m3hr',5);
insert into given_data (document_id,field,value) values ('OFF-C2C-WS-20240921R1','qty',2);
insert into given_data (document_id,field,value) values ('OFF-OREN-WS-192','fluid','water');
insert into given_data (document_id,field,value) values ('OFF-OREN-WS-192','air_volume_cfm',2300);
insert into given_data (document_id,field,value) values ('OFF-OREN-WS-192','air_volume_cmh',4000);
insert into given_data (document_id,field,value) values ('OFF-OREN-WS-192','operating_temp','80C');
insert into given_data (document_id,field,value) values ('OFF-OREN-WS-192','tower_diameter_mm',1000);
insert into given_data (document_id,field,value) values ('OFF-OREN-WS-192','blower_mounting','mounting on top side');
insert into given_data (document_id,field,value) values ('OFF-OREN-WS-192','qty',1);
insert into given_data (document_id,field,value) values ('OFF-MECCA-WS-164','item_to_exhaust','oven fumes');
insert into given_data (document_id,field,value) values ('OFF-MECCA-WS-164','air_volume_cmh',6100);
insert into given_data (document_id,field,value) values ('OFF-MECCA-WS-164','qty',2);
insert into given_data (document_id,field,value) values ('OFF-GROWEL-WS-190','item_to_exhaust','paint solvent vapor');
insert into given_data (document_id,field,value) values ('OFF-GROWEL-WS-190','air_volume_cfm',7000);
insert into given_data (document_id,field,value) values ('OFF-GROWEL-WS-190','duct_velocity_ms','12-15');
insert into given_data (document_id,field,value) values ('OFF-GROWEL-WS-190','no_of_suction_points',19);
insert into technical_details (document_id,field,value) values ('OFF-MECCA-DC-147R4','air_volume_cmh',25000);
insert into technical_details (document_id,field,value) values ('OFF-MECCA-DC-147R4','collector_size_m','3.9L x 4.0W x 8.3H');
insert into technical_details (document_id,field,value) values ('OFF-MECCA-DC-147R4','casing_hopper_moc','MS 3mm');
insert into technical_details (document_id,field,value) values ('OFF-MECCA-DC-147R4','filter_bags','needle felt antistatic polyester, Dia 160 x 2500mm - 225 nos');
insert into technical_details (document_id,field,value) values ('OFF-MECCA-DC-147R4','solenoid_valve','2 inch flame proof - 15 nos');
insert into technical_details (document_id,field,value) values ('OFF-MECCA-DC-147R4','blower_type','centrifugal');
insert into technical_details (document_id,field,value) values ('OFF-MECCA-DC-147R4','blower_motor_hp',60);
insert into technical_details (document_id,field,value) values ('OFF-MECCA-DC-147R4','blower_drive','belt');
insert into technical_details (document_id,field,value) values ('OFF-MECCA-DC-147R4','blower_motor','FLP');
insert into technical_details (document_id,field,value) values ('OFF-MECCA-DC-147R4','exhaust_duct','MS 2mm Dia 700mm');
insert into technical_details (document_id,field,value) values ('OFF-MECCA-DC-147R4','rotary_airlock','0.5 HP - 2 nos');
insert into technical_details (document_id,field,value) values ('OFF-MECCA-DC-147R4','control_panel','VFD ABB, PLC Delta, HMI Delta');
insert into technical_details (document_id,field,value) values ('OFF-MELSS-DC-160','air_volume_cmh',6000);
insert into technical_details (document_id,field,value) values ('OFF-MELSS-DC-160','collector_size_m','2.4L x 1.7W x 5.5H');
insert into technical_details (document_id,field,value) values ('OFF-MELSS-DC-160','casing_hopper_moc','MS 3mm');
insert into technical_details (document_id,field,value) values ('OFF-MELSS-DC-160','filter_bags','cartridge fabric polyester, Dia 225 x 1000mm - 24 nos');
insert into technical_details (document_id,field,value) values ('OFF-MELSS-DC-160','solenoid_valve','2 inch - 4 nos');
insert into technical_details (document_id,field,value) values ('OFF-MELSS-DC-160','blower_type','centrifugal');
insert into technical_details (document_id,field,value) values ('OFF-MELSS-DC-160','blower_cmh',10200);
insert into technical_details (document_id,field,value) values ('OFF-MELSS-DC-160','blower_motor_hp',25);
insert into technical_details (document_id,field,value) values ('OFF-MELSS-DC-160','blower_drive','direct');
insert into technical_details (document_id,field,value) values ('OFF-MELSS-DC-160','blower_motor','NFLP');
insert into technical_details (document_id,field,value) values ('OFF-MELSS-DC-160','exhaust_duct','MS 2mm Dia 500mm - 6m');
insert into technical_details (document_id,field,value) values ('OFF-MELSS-DC-160','suction_duct','MS 2mm Dia 114 to 400mm - 135m');
insert into technical_details (document_id,field,value) values ('OFF-MELSS-DC-160','rotary_airlock','0.5 HP');
insert into technical_details (document_id,field,value) values ('OFF-ASCEND-DC-FES070624R5','air_volume_cfm',6500);
insert into technical_details (document_id,field,value) values ('OFF-ASCEND-DC-FES070624R5','collector_size_m','2.15L x 1.15W x 4.95H');
insert into technical_details (document_id,field,value) values ('OFF-ASCEND-DC-FES070624R5','casing_hopper_moc','MS 3mm');
insert into technical_details (document_id,field,value) values ('OFF-ASCEND-DC-FES070624R5','filter_bags','cartridge polyester, Dia 225 x 1500mm - 18 nos');
insert into technical_details (document_id,field,value) values ('OFF-ASCEND-DC-FES070624R5','solenoid_valve','1.5 inch - 6 nos');
insert into technical_details (document_id,field,value) values ('OFF-ASCEND-DC-FES070624R5','blower_motor_hp',40);
insert into technical_details (document_id,field,value) values ('OFF-ASCEND-DC-FES070624R5','blower_drive','belt');
insert into technical_details (document_id,field,value) values ('OFF-ASCEND-DC-FES070624R5','exhaust_duct','MS 2mm Dia 500mm - 8m');
insert into technical_details (document_id,field,value) values ('OFF-ASCEND-DC-FES070624R5','explosion_vent','570 x 470mm');
insert into technical_details (document_id,field,value) values ('OFF-ASCEND-DC-FES070624R5','dry_scrubber','activated carbon chamber 2.2L x 1.1W x 4H GI 2mm, blower 8000 CFM 25HP CG, PVC eliminator, activated carbon 1000x1000x20 - 6 nos');
insert into technical_details (document_id,field,value) values ('OFF-ASCEND-DC-FES070624R5','co2_fire_suppression','1x45kg CO2 cylinder + 4-zone alarm + 20 heat detectors + stop damper');
insert into technical_details (document_id,field,value) values ('OFF-ASCEND-DC-FES070624R5','flap_damper','CARZ 400 explosion isolation');
insert into technical_details (document_id,field,value) values ('OFF-RAPSRI-DC-203R1','air_volume_cmh',1200);
insert into technical_details (document_id,field,value) values ('OFF-RAPSRI-DC-203R1','casing_hopper_moc','MS');
insert into technical_details (document_id,field,value) values ('OFF-RAPSRI-DC-203R1','filter_bags','special purpose filter bag');
insert into technical_details (document_id,field,value) values ('OFF-RAPSRI-DC-203R1','blower_type','centrifugal');
insert into technical_details (document_id,field,value) values ('OFF-RAPSRI-DC-203R1','blower_motor_hp',2);
insert into technical_details (document_id,field,value) values ('OFF-RAPSRI-DC-203R1','blower_drive','direct flanged');
insert into technical_details (document_id,field,value) values ('OFF-RAPSRI-DC-203R1','suction_hose','PVC flexible Dia 100mm - 1m');
insert into technical_details (document_id,field,value) values ('OFF-RAPSRI-DC-203R1','pressure_mmwc','8 inch WC');
insert into technical_details (document_id,field,value) values ('OFF-RAPSRI-DC-203R1','finish','primer + enamel');
insert into technical_details (document_id,field,value) values ('OFF-OMENGG-DC-323','collector_size_mm','900 x 900 x 1400');
insert into technical_details (document_id,field,value) values ('OFF-OMENGG-DC-323','casing_moc','MS 2mm');
insert into technical_details (document_id,field,value) values ('OFF-OMENGG-DC-323','filter_bags','2 nos, manual handshaker method');
insert into technical_details (document_id,field,value) values ('OFF-ZFWABCO-OVEN-424R4','oven_type','box type batch, electric');
insert into technical_details (document_id,field,value) values ('OFF-ZFWABCO-OVEN-424R4','chamber','inner SS-304 / outer MS finish painted');
insert into technical_details (document_id,field,value) values ('OFF-ZFWABCO-OVEN-424R4','operating_temp','80C max');
insert into technical_details (document_id,field,value) values ('OFF-ZFWABCO-OVEN-424R4','no_of_zones',1);
insert into technical_details (document_id,field,value) values ('OFF-ZFWABCO-OVEN-424R4','heating','wire element with thyristor control');
insert into technical_details (document_id,field,value) values ('OFF-ZFWABCO-OVEN-424R4','circulation_fan_hp',2);
insert into technical_details (document_id,field,value) values ('OFF-ZFWABCO-OVEN-424R4','insulation','glass wool (to withstand 100C)');
insert into technical_details (document_id,field,value) values ('OFF-ZFWABCO-OVEN-424R4','control','PLC with auto door open logic');
insert into technical_details (document_id,field,value) values ('OFF-ZFWABCO-OVEN-424R4','door','motorized up/down, 1 no + 1 future');
insert into technical_details (document_id,field,value) values ('OFF-ZFWABCO-OVEN-424R4','motorized_trolley','1 HP geared, forward/reverse');
insert into technical_details (document_id,field,value) values ('OFF-ZFWABCO-OVEN-424R4','finish','buffing inner SS / enamel outer');
insert into technical_details (document_id,field,value) values ('OFF-SURFACE-OVEN-356R3','oven_type','conveyorised camel back, floor mounted, 0.5 m/min');
insert into technical_details (document_id,field,value) values ('OFF-SURFACE-OVEN-356R3','chamber','inner/outer GI 1.5mm, louver GI 1.2mm');
insert into technical_details (document_id,field,value) values ('OFF-SURFACE-OVEN-356R3','operating_temp','250C max, working 230C');
insert into technical_details (document_id,field,value) values ('OFF-SURFACE-OVEN-356R3','baking_time_min',30);
insert into technical_details (document_id,field,value) values ('OFF-SURFACE-OVEN-356R3','insulation','175mm blanket 96 kg/m3 + 25mm ceramic wool');
insert into technical_details (document_id,field,value) values ('OFF-SURFACE-OVEN-356R3','heating','diesel fired hot air generator, 400000 kcal/hr');
insert into technical_details (document_id,field,value) values ('OFF-SURFACE-OVEN-356R3','circulation_blower_hp',10);
insert into technical_details (document_id,field,value) values ('OFF-SURFACE-OVEN-356R3','circulation_blower_qty',2);
insert into technical_details (document_id,field,value) values ('OFF-SURFACE-OVEN-356R3','circulation_blower_drive','belt');
insert into technical_details (document_id,field,value) values ('OFF-SURFACE-OVEN-356R3','conveyor','I-beam overhead 97m, 4 inch pitch, 400mm hanger, 160 kg/hook, 5 HP caterpillar drive, VFD');
insert into technical_details (document_id,field,value) values ('OFF-SURFACE-OVEN-356R3','finish','inner red oxide + Al paint / outer final enamel');
insert into technical_details (document_id,field,value) values ('OFF-AG-FE-205R2','booth_type','fume exhaust enclosure');
insert into technical_details (document_id,field,value) values ('OFF-AG-FE-205R2','internal_dimension_m','3.56W x 3.43D x 2.39H');
insert into technical_details (document_id,field,value) values ('OFF-AG-FE-205R2','construction','base frame MS channels & square tubes / panels transparent polycarbonate 3mm green');
insert into technical_details (document_id,field,value) values ('OFF-AG-FE-205R2','illumination','FLP LED 90w - 2 nos');
insert into technical_details (document_id,field,value) values ('OFF-AG-FE-205R2','sliding_door','3 nos');
insert into technical_details (document_id,field,value) values ('OFF-AG-FE-205R2','blower_cfm',6000);
insert into technical_details (document_id,field,value) values ('OFF-AG-FE-205R2','blower_motor_hp',5.0);
insert into technical_details (document_id,field,value) values ('OFF-AG-FE-205R2','blower_motor','NFLP');
insert into technical_details (document_id,field,value) values ('OFF-AG-FE-205R2','blower_finish','powder coated');
insert into technical_details (document_id,field,value) values ('OFF-AG-FE-205R2','suction_hood','MS 2mm, air inlet filter 600x600x50 - 9 nos');
insert into technical_details (document_id,field,value) values ('OFF-AG-FE-205R2','exhaust_duct','GI 22swg 500x500 - 10m');
insert into technical_details (document_id,field,value) values ('OFF-AG-FE-205R2','finish','primer + final enamel');
insert into technical_details (document_id,field,value) values ('OFF-ARMSTRONG-CONV-395','type','conveyor nonrotating stopper for hangers');
insert into technical_details (document_id,field,value) values ('OFF-ARMSTRONG-CONV-395','overall_length_m',38);
insert into technical_details (document_id,field,value) values ('OFF-ARMSTRONG-CONV-395','moc','MS flat, MS angle with fasteners');
insert into technical_details (document_id,field,value) values ('OFF-ARMSTRONG-CONV-395','operation','manual system only');
insert into technical_details (document_id,field,value) values ('OFF-ECOCHIMNEYS-BLAST-072409R4','blast_booth','8L x 4W x 3H, MS HR panels, cross draft, sand trap louvers, 3mm rubber lining');
insert into technical_details (document_id,field,value) values ('OFF-ECOCHIMNEYS-BLAST-072409R4','suction_fan_hp',15);
insert into technical_details (document_id,field,value) values ('OFF-ECOCHIMNEYS-BLAST-072409R4','suction_fan_type','centrifugal');
insert into technical_details (document_id,field,value) values ('OFF-ECOCHIMNEYS-BLAST-072409R4','shot_recovery','direct bucket elevator + air wash separator, 2 HP');
insert into technical_details (document_id,field,value) values ('OFF-ECOCHIMNEYS-BLAST-072409R4','illumination','10 nos LED floodlight');
insert into technical_details (document_id,field,value) values ('OFF-ECOCHIMNEYS-BLAST-072409R4','dust_collector','reverse pulse jet cartridge, 120 sqm filtration, 12 filters, 15 HP');
insert into technical_details (document_id,field,value) values ('OFF-ECOCHIMNEYS-BLAST-072409R4','paint_suction','down draft with suction pit, dry filter, 20 HP blower x2');
insert into technical_details (document_id,field,value) values ('OFF-ECOCHIMNEYS-BLAST-072409R4','control_panel','relay logic with interlocks');
insert into technical_details (document_id,field,value) values ('OFF-WHEELS-PT-97R4','pt_plant','6 zones (pre-degrease, degrease, water rinse, activation, nano coat, RO rinse)');
insert into technical_details (document_id,field,value) values ('OFF-WHEELS-PT-97R4','tunnel_moc','SS-304 1.5mm');
insert into technical_details (document_id,field,value) values ('OFF-WHEELS-PT-97R4','tank_moc','SS-304 3mm');
insert into technical_details (document_id,field,value) values ('OFF-WHEELS-PT-97R4','spray_nozzles','PP VJet clip-on, 32-64 per stage');
insert into technical_details (document_id,field,value) values ('OFF-WHEELS-PT-97R4','pump','SS Anala centrifugal, 5-7.5 HP x 2 (standby)');
insert into technical_details (document_id,field,value) values ('OFF-WHEELS-PT-97R4','tank_heating','immersion heater 36-60 KW');
insert into technical_details (document_id,field,value) values ('OFF-WHEELS-PT-97R4','hot_air_oven','conveyorised U-type 6.5L x 3W x 2.25H, 80C, diesel HAG 300000 kcal, 10 HP blower x2, 100mm insulation');
insert into technical_details (document_id,field,value) values ('OFF-WHEELS-PT-97R4','control','PLC (Siemens) + HMI + SCADA monitoring');
insert into technical_details (document_id,field,value) values ('OFF-WHEELS-PT-97R4','oil_skimmer','belt type 10 L/hr');
insert into technical_details (document_id,field,value) values ('OFF-WHEELS-PT-97R4','filter_bags','SS-302 25 micron - 2 nos');
insert into technical_details (document_id,field,value) values ('OFF-TRIDENT-PT-198R2','pt_plant','6 dip tanks (degrease, water rinse, DM rinse, conversion coating, DM rinse x2)');
insert into technical_details (document_id,field,value) values ('OFF-TRIDENT-PT-198R2','tank_size_mm','9415 L x 1400 W x 1000 H');
insert into technical_details (document_id,field,value) values ('OFF-TRIDENT-PT-198R2','tank_moc','SS-316L 3mm, outside stiffener SS-304');
insert into technical_details (document_id,field,value) values ('OFF-TRIDENT-PT-198R2','air_agitation','roots blower + SS-316 pipes for 5 tanks');
insert into technical_details (document_id,field,value) values ('OFF-TRIDENT-PT-198R2','material_baskets','SS-316 - 4 nos, 9100 x 1100 x 820');
insert into technical_details (document_id,field,value) values ('OFF-TRIDENT-PT-198R2','dry_off_oven','batch 9.6L x 1.5W x 1.2H, 150C, electric heater 144 KW, 5 HP blower x2, SS-316L inner, 100mm rock wool');
insert into technical_details (document_id,field,value) values ('OFF-TRIDENT-PT-198R2','access_platform','13.65m MS with handrails, anti-slip');
insert into technical_details (document_id,field,value) values ('OFF-TRIDENT-PT-198R2','oil_skimmer','belt type');
insert into technical_details (document_id,field,value) values ('OFF-YONEX-DUCT-286R2','exhaust_duct','GI 22swg 300 x 300mm - 40m per set');
insert into technical_details (document_id,field,value) values ('OFF-YONEX-DUCT-286R2','supports','MS structures');
insert into technical_details (document_id,field,value) values ('OFF-YONEX-DUCT-286R2','quantity','3 sets (for 3 paint booths)');
insert into technical_details (document_id,field,value) values ('OFF-BAKERHUGHES-PB-275R3A','booth_type','dry type side draft');
insert into technical_details (document_id,field,value) values ('OFF-BAKERHUGHES-PB-275R3A','construction','base frame ISMC / panels MS 18swg');
insert into technical_details (document_id,field,value) values ('OFF-BAKERHUGHES-PB-275R3A','illumination','40w x 2 FLP - 5 nos');
insert into technical_details (document_id,field,value) values ('OFF-BAKERHUGHES-PB-275R3A','air_inlet_filter','625 x 625 10 micron - 10 nos');
insert into technical_details (document_id,field,value) values ('OFF-BAKERHUGHES-PB-275R3A','blower_cfm',9000);
insert into technical_details (document_id,field,value) values ('OFF-BAKERHUGHES-PB-275R3A','blower_motor_hp',10);
insert into technical_details (document_id,field,value) values ('OFF-BAKERHUGHES-PB-275R3A','blower_moc','MS');
insert into technical_details (document_id,field,value) values ('OFF-BAKERHUGHES-PB-275R3A','exhaust_duct','GI 22g 600x600 - 15m');
insert into technical_details (document_id,field,value) values ('OFF-BAKERHUGHES-PB-275R3A','conveyor','I-beam 30m + 30 nos 1T manual push-pull trolley');
insert into technical_details (document_id,field,value) values ('OFF-BAKERHUGHES-PB-275R3A','activated_carbon_chamber','1.2L x 1.1W x 2.5H, MS 2mm');
insert into technical_details (document_id,field,value) values ('OFF-BAKERHUGHES-PB-275R3A','voc_monitor','online PID, Alpha Sense UK');
insert into technical_details (document_id,field,value) values ('OFF-BAKERHUGHES-PB-275R3A','finish','red oxide + final paint');
insert into technical_details (document_id,field,value) values ('OFF-CRI-PB-082406R4','booth_type','dry type side draft (3 booths: 5x2.5x2.5, 5x3x3, 5x3x4)');
insert into technical_details (document_id,field,value) values ('OFF-CRI-PB-082406R4','construction','panels MS 1.6mm / supports MS tubes');
insert into technical_details (document_id,field,value) values ('OFF-CRI-PB-082406R4','illumination','flame proof LED 700-800 LUX');
insert into technical_details (document_id,field,value) values ('OFF-CRI-PB-082406R4','paint_arresting','paper filter system');
insert into technical_details (document_id,field,value) values ('OFF-CRI-PB-082406R4','blower_motor_hp','7.5 / 10 / 12.5 (2 nos each, IE3 FLP)');
insert into technical_details (document_id,field,value) values ('OFF-CRI-PB-082406R4','exhaust_duct','GI 22swg 10m');
insert into technical_details (document_id,field,value) values ('OFF-CRI-PB-082406R4','activated_carbon_chamber','2 sets/booth (cartridge, frame type)');
insert into technical_details (document_id,field,value) values ('OFF-CRI-PB-082406R4','finish','MS finish paint');
insert into technical_details (document_id,field,value) values ('OFF-DMN-PB-180624R3','booth_type','dry type cross draft');
insert into technical_details (document_id,field,value) values ('OFF-DMN-PB-180624R3','construction','MS 1.2mm, MS structure');
insert into technical_details (document_id,field,value) values ('OFF-DMN-PB-180624R3','illumination','18w x 2 tube light - 4 nos');
insert into technical_details (document_id,field,value) values ('OFF-DMN-PB-180624R3','paper_filter','700 x 1500mm - 4 nos (two layers folded perforated)');
insert into technical_details (document_id,field,value) values ('OFF-DMN-PB-180624R3','blower_motor_hp',10);
insert into technical_details (document_id,field,value) values ('OFF-DMN-PB-180624R3','blower_drive','direct');
insert into technical_details (document_id,field,value) values ('OFF-DMN-PB-180624R3','exhaust_duct','GI 22g 550x550 - 10m');
insert into technical_details (document_id,field,value) values ('OFF-DMN-PB-180624R3','dry_scrubber','1.18L x 1.1W x 3.1H, MS, activated carbon filter 3 nos');
insert into technical_details (document_id,field,value) values ('OFF-DMN-PB-180624R3','finish','casing powder coated');
insert into technical_details (document_id,field,value) values ('OFF-ELGI-PB-402R5','booth_type','dry type cross draft, open front, side draft');
insert into technical_details (document_id,field,value) values ('OFF-ELGI-PB-402R5','construction','panels MS 18swg');
insert into technical_details (document_id,field,value) values ('OFF-ELGI-PB-402R5','illumination','90w LED tube - 6 nos');
insert into technical_details (document_id,field,value) values ('OFF-ELGI-PB-402R5','paper_filter','three layers folded perforated, 3.2 x 2.10m');
insert into technical_details (document_id,field,value) values ('OFF-ELGI-PB-402R5','blower_cfm',14000);
insert into technical_details (document_id,field,value) values ('OFF-ELGI-PB-402R5','blower_motor_hp',15);
insert into technical_details (document_id,field,value) values ('OFF-ELGI-PB-402R5','blower_motor','FLP');
insert into technical_details (document_id,field,value) values ('OFF-ELGI-PB-402R5','exhaust_duct','GI 22g 800x800 - 10m, self-support 10m height');
insert into technical_details (document_id,field,value) values ('OFF-ELGI-PB-402R5','activated_carbon_scrubber','1.425L x 1.1W x 3.5H, MS, 6 carbon filters');
insert into technical_details (document_id,field,value) values ('OFF-ELGI-PB-402R5','hoist','3T motorized FLP, 4m travel');
insert into technical_details (document_id,field,value) values ('OFF-ELGI-PB-402R5','finish','red oxide + final enamel');
insert into technical_details (document_id,field,value) values ('OFF-GMR-PB-143R2','booth_type','dry type side draft, non-pressurized');
insert into technical_details (document_id,field,value) values ('OFF-GMR-PB-143R2','construction','base frame ISMC / panels MS 18swg');
insert into technical_details (document_id,field,value) values ('OFF-GMR-PB-143R2','illumination','NFLP LED 18w - 12 nos');
insert into technical_details (document_id,field,value) values ('OFF-GMR-PB-143R2','air_inlet_filter','box type 10 micron - 10 nos');
insert into technical_details (document_id,field,value) values ('OFF-GMR-PB-143R2','paint_arrestor_filter','primary paper + secondary glass fibre');
insert into technical_details (document_id,field,value) values ('OFF-GMR-PB-143R2','blower_cfm',10000);
insert into technical_details (document_id,field,value) values ('OFF-GMR-PB-143R2','blower_motor_hp',7.5);
insert into technical_details (document_id,field,value) values ('OFF-GMR-PB-143R2','blower_type','centrifugal');
insert into technical_details (document_id,field,value) values ('OFF-GMR-PB-143R2','exhaust_duct','GI 22swg 550x550 - 10m');
insert into technical_details (document_id,field,value) values ('OFF-GMR-PB-143R2','sanding_buffing_booth','1.1W x 4L x 2.35H, cyclone 800x3.8m, blower 3300 CFM 7.5HP');
insert into technical_details (document_id,field,value) values ('OFF-GMR-PB-143R2','air_shower','900x900x2000');
insert into technical_details (document_id,field,value) values ('OFF-GMR-PB-143R2','finish','primer + final enamel');
insert into technical_details (document_id,field,value) values ('OFF-INNOTRANS-PB-344R4','booth_type','dry type cross draft');
insert into technical_details (document_id,field,value) values ('OFF-INNOTRANS-PB-344R4','construction','MS 1.2mm');
insert into technical_details (document_id,field,value) values ('OFF-INNOTRANS-PB-344R4','illumination','40w x 2 LED - 3 nos');
insert into technical_details (document_id,field,value) values ('OFF-INNOTRANS-PB-344R4','paper_filter','700 x 3000mm - 2 nos');
insert into technical_details (document_id,field,value) values ('OFF-INNOTRANS-PB-344R4','blower_motor_hp',5.0);
insert into technical_details (document_id,field,value) values ('OFF-INNOTRANS-PB-344R4','blower_qty',2);
insert into technical_details (document_id,field,value) values ('OFF-INNOTRANS-PB-344R4','blower_drive','direct');
insert into technical_details (document_id,field,value) values ('OFF-INNOTRANS-PB-344R4','exhaust_duct','GI 22g 400x400 - 8m x 2');
insert into technical_details (document_id,field,value) values ('OFF-INNOTRANS-PB-344R4','clean_dry_enclosures','2.0x2.25x3.0 - 2 sets');
insert into technical_details (document_id,field,value) values ('OFF-INNOTRANS-PB-344R4','finish','powder coated');
insert into technical_details (document_id,field,value) values ('OFF-KOBELCO-PB-86R2','booth_type','dry type side draft');
insert into technical_details (document_id,field,value) values ('OFF-KOBELCO-PB-86R2','construction','base frame ISMC / panels MS 1.2mm');
insert into technical_details (document_id,field,value) values ('OFF-KOBELCO-PB-86R2','illumination','150w LED flame proof - 8 nos');
insert into technical_details (document_id,field,value) values ('OFF-KOBELCO-PB-86R2','glass_fibre_filter','550 x 2500 - 6 nos');
insert into technical_details (document_id,field,value) values ('OFF-KOBELCO-PB-86R2','blower_cmh',11000);
insert into technical_details (document_id,field,value) values ('OFF-KOBELCO-PB-86R2','blower_motor_hp',12.5);
insert into technical_details (document_id,field,value) values ('OFF-KOBELCO-PB-86R2','blower_qty',2);
insert into technical_details (document_id,field,value) values ('OFF-KOBELCO-PB-86R2','blower_motor','IE2 flame proof');
insert into technical_details (document_id,field,value) values ('OFF-KOBELCO-PB-86R2','exhaust_duct','GI 22g 700x700 - 190 sqm');
insert into technical_details (document_id,field,value) values ('OFF-KOBELCO-PB-86R2','fresh_air_system_ahu','26000 CFM, 20 HP FLP');
insert into technical_details (document_id,field,value) values ('OFF-KOBELCO-PB-86R2','motorized_trolley','60 ton, 3.7x2.7x0.6, Bonfiglioli geared motor FLP');
insert into technical_details (document_id,field,value) values ('OFF-KOBELCO-PB-86R2','sprinkler_fire_protection','UL/FM quick response pendent');
insert into technical_details (document_id,field,value) values ('OFF-KOBELCO-PB-86R2','finish','red oxide + final paint');
insert into technical_details (document_id,field,value) values ('OFF-RABWIN-PB-437R1','booth_type','dry type side draft, non-pressurized');
insert into technical_details (document_id,field,value) values ('OFF-RABWIN-PB-437R1','construction','base frame MS ISMC / panels MS 18swg');
insert into technical_details (document_id,field,value) values ('OFF-RABWIN-PB-437R1','illumination','90w non-FLP - 4 nos');
insert into technical_details (document_id,field,value) values ('OFF-RABWIN-PB-437R1','air_inlet_filter','box filter');
insert into technical_details (document_id,field,value) values ('OFF-RABWIN-PB-437R1','paper_filter','2.1H x 2.25W');
insert into technical_details (document_id,field,value) values ('OFF-RABWIN-PB-437R1','blower_motor_hp',10);
insert into technical_details (document_id,field,value) values ('OFF-RABWIN-PB-437R1','blower_motor','IE2 non-FLP');
insert into technical_details (document_id,field,value) values ('OFF-RABWIN-PB-437R1','exhaust_duct','GI 22swg 550x550 - 10m');
insert into technical_details (document_id,field,value) values ('OFF-RABWIN-PB-437R1','conveyor','I-beam 16m + 10 trolleys (1T x5, 2T x5)');
insert into technical_details (document_id,field,value) values ('OFF-RABWIN-PB-437R1','activated_carbon_chamber','1.2L x 1.1W x 2.5H (optional)');
insert into technical_details (document_id,field,value) values ('OFF-RABWIN-PB-437R1','finish','red oxide + final paint');
insert into technical_details (document_id,field,value) values ('OFF-SEPL-PB-289R1','booth_type','dry type cross draft (2 stator + 1 rotor booths)');
insert into technical_details (document_id,field,value) values ('OFF-SEPL-PB-289R1','construction','MS 1.2mm');
insert into technical_details (document_id,field,value) values ('OFF-SEPL-PB-289R1','illumination','40w x 2 tube light - 2 nos');
insert into technical_details (document_id,field,value) values ('OFF-SEPL-PB-289R1','paper_filter','700 x 1500mm - 2 nos');
insert into technical_details (document_id,field,value) values ('OFF-SEPL-PB-289R1','blower_motor_hp','5.0 (stator) / 3.0 (rotor)');
insert into technical_details (document_id,field,value) values ('OFF-SEPL-PB-289R1','blower_drive','direct');
insert into technical_details (document_id,field,value) values ('OFF-SEPL-PB-289R1','exhaust_duct','GI 350x350 - 25m stator / 5m rotor');
insert into technical_details (document_id,field,value) values ('OFF-SEPL-PB-289R1','finish','powder coated');
insert into technical_details (document_id,field,value) values ('OFF-SEENIVASAN-PB-204R2','booth_type','dry type cross draft, full open');
insert into technical_details (document_id,field,value) values ('OFF-SEENIVASAN-PB-204R2','construction','panels MS / base frame ISMC');
insert into technical_details (document_id,field,value) values ('OFF-SEENIVASAN-PB-204R2','illumination','40w x 2 tube light - 3 nos NFLP');
insert into technical_details (document_id,field,value) values ('OFF-SEENIVASAN-PB-204R2','paper_filter','700 x 3000mm - 3 nos (three layers)');
insert into technical_details (document_id,field,value) values ('OFF-SEENIVASAN-PB-204R2','blower_motor_hp',7.5);
insert into technical_details (document_id,field,value) values ('OFF-SEENIVASAN-PB-204R2','blower_type','centrifugal');
insert into technical_details (document_id,field,value) values ('OFF-SEENIVASAN-PB-204R2','blower_motor','CG NFLP');
insert into technical_details (document_id,field,value) values ('OFF-SEENIVASAN-PB-204R2','exhaust_duct','GI 22g 580x580 - 10m');
insert into technical_details (document_id,field,value) values ('OFF-SEENIVASAN-PB-204R2','finish','red oxide + final enamel');
insert into technical_details (document_id,field,value) values ('OFF-STMSPA-PB-349R1','booth_type','dry type cross draft');
insert into technical_details (document_id,field,value) values ('OFF-STMSPA-PB-349R1','construction','MS 1.2mm, MS channel 100x50mm');
insert into technical_details (document_id,field,value) values ('OFF-STMSPA-PB-349R1','illumination','40w x 2 tube light - 2 nos');
insert into technical_details (document_id,field,value) values ('OFF-STMSPA-PB-349R1','paper_filter','700 x 2000mm - 1 no');
insert into technical_details (document_id,field,value) values ('OFF-STMSPA-PB-349R1','blower_motor_hp',3.0);
insert into technical_details (document_id,field,value) values ('OFF-STMSPA-PB-349R1','blower_drive','direct');
insert into technical_details (document_id,field,value) values ('OFF-STMSPA-PB-349R1','exhaust_duct','GI 22g 500x500 - 3m');
insert into technical_details (document_id,field,value) values ('OFF-STMSPA-PB-349R1','finish','powder coated');
insert into technical_details (document_id,field,value) values ('OFF-SYNERGY-PB-209R3','booth_type','dry type side down draft, non-pressurized, 0.6 m/s cross velocity');
insert into technical_details (document_id,field,value) values ('OFF-SYNERGY-PB-209R3','construction','base frame ISMC / panels MS 1.2mm');
insert into technical_details (document_id,field,value) values ('OFF-SYNERGY-PB-209R3','illumination','20w x 10 LED weatherproof');
insert into technical_details (document_id,field,value) values ('OFF-SYNERGY-PB-209R3','paper_filter','paper with synthetic, 1.4H x 7.0W both sides');
insert into technical_details (document_id,field,value) values ('OFF-SYNERGY-PB-209R3','air_intake_filter','10 micron velcro type');
insert into technical_details (document_id,field,value) values ('OFF-SYNERGY-PB-209R3','blower_cfm',20000);
insert into technical_details (document_id,field,value) values ('OFF-SYNERGY-PB-209R3','blower_motor_hp',15);
insert into technical_details (document_id,field,value) values ('OFF-SYNERGY-PB-209R3','blower_qty',2);
insert into technical_details (document_id,field,value) values ('OFF-SYNERGY-PB-209R3','blower_moc','MS');
insert into technical_details (document_id,field,value) values ('OFF-SYNERGY-PB-209R3','finish','primer + final coats');
insert into technical_details (document_id,field,value) values ('OFF-VALV-PB-133R6','booth_type','dry type cross draft');
insert into technical_details (document_id,field,value) values ('OFF-VALV-PB-133R6','construction','panels MS / base frame ISMC');
insert into technical_details (document_id,field,value) values ('OFF-VALV-PB-133R6','illumination','LED tube light - 4 nos FLP');
insert into technical_details (document_id,field,value) values ('OFF-VALV-PB-133R6','paper_filter','three layers folded perforated, 1.46 x 2.25m');
insert into technical_details (document_id,field,value) values ('OFF-VALV-PB-133R6','blower_motor_hp',7.5);
insert into technical_details (document_id,field,value) values ('OFF-VALV-PB-133R6','blower_motor','CG FLP');
insert into technical_details (document_id,field,value) values ('OFF-VALV-PB-133R6','blower_drive','direct');
insert into technical_details (document_id,field,value) values ('OFF-VALV-PB-133R6','abrasive_blasting_booth','2.5L x 2.5W x 3.0H, cartridge pulse jet DC 7.5HP, rubber lining');
insert into technical_details (document_id,field,value) values ('OFF-VALV-PB-133R6','finish','red oxide + finish paint');
insert into technical_details (document_id,field,value) values ('OFF-YONEX-PB-367','booth_type','water wall, AGL type');
insert into technical_details (document_id,field,value) values ('OFF-YONEX-PB-367','construction','panels SS-304 1.2mm / tank SS-304 3.0mm / base frame MS');
insert into technical_details (document_id,field,value) values ('OFF-YONEX-PB-367','illumination','40w LED - 1 no FLP');
insert into technical_details (document_id,field,value) values ('OFF-YONEX-PB-367','filter_mesh','SS-304 four stage');
insert into technical_details (document_id,field,value) values ('OFF-YONEX-PB-367','blower_motor_hp',2.0);
insert into technical_details (document_id,field,value) values ('OFF-YONEX-PB-367','blower_moc','MS');
insert into technical_details (document_id,field,value) values ('OFF-YONEX-PB-367','sludge_pump_hp',1.0);
insert into technical_details (document_id,field,value) values ('OFF-YONEX-PB-367','sludge_pump_moc','CI monobloc');
insert into technical_details (document_id,field,value) values ('OFF-YONEX-PB-367','exhaust_duct','GI 22swg 300x300 - 15m');
insert into technical_details (document_id,field,value) values ('OFF-YONEX-PB-367','control_panel','with VFD (Delta)');
insert into technical_details (document_id,field,value) values ('OFF-YONEX-PB-367','finish','tank/panels no painting; blower powder coated');
insert into technical_details (document_id,field,value) values ('OFF-ONLOAD-PCP-346R2','powder_spray_booth.booth_type','downside draft');
insert into technical_details (document_id,field,value) values ('OFF-ONLOAD-PCP-346R2','powder_spray_booth.inner_size_m','3L x 1.9W x 2.5H');
insert into technical_details (document_id,field,value) values ('OFF-ONLOAD-PCP-346R2','powder_spray_booth.moc','mild steel sheet metal panels');
insert into technical_details (document_id,field,value) values ('OFF-ONLOAD-PCP-346R2','powder_spray_booth.illumination','2x40w x 2 nos NFLP');
insert into technical_details (document_id,field,value) values ('OFF-ONLOAD-PCP-346R2','powder_spray_booth.exhaust_duct','GI 0.8mm 250mm sq - 10m x 2 lines');
insert into technical_details (document_id,field,value) values ('OFF-ONLOAD-PCP-346R2','powder_spray_booth.manual_spray_guns','Sprayright Plus - 2 nos');
insert into technical_details (document_id,field,value) values ('OFF-ONLOAD-PCP-346R2','pulse_jet_system.model','VTCCA-65');
insert into technical_details (document_id,field,value) values ('OFF-ONLOAD-PCP-346R2','pulse_jet_system.blower_motor_hp',2.0);
insert into technical_details (document_id,field,value) values ('OFF-ONLOAD-PCP-346R2','pulse_jet_system.blower_qty',2);
insert into technical_details (document_id,field,value) values ('OFF-ONLOAD-PCP-346R2','pulse_jet_system.filter_bags_cartridge','12 nos, Dia 150 x 1000');
insert into technical_details (document_id,field,value) values ('OFF-ONLOAD-PCP-346R2','pulse_jet_system.solenoid_coil','1 inch - 6 nos');
insert into technical_details (document_id,field,value) values ('OFF-ONLOAD-PCP-346R2','pulse_jet_system.qty','3 sets');
insert into technical_details (document_id,field,value) values ('OFF-ONLOAD-PCP-346R2','hot_air_oven.oven_type','batch');
insert into technical_details (document_id,field,value) values ('OFF-ONLOAD-PCP-346R2','hot_air_oven.inner_size_m','3.0L x 1.8W x 2.5H');
insert into technical_details (document_id,field,value) values ('OFF-ONLOAD-PCP-346R2','hot_air_oven.operating_temp_c','180-200');
insert into technical_details (document_id,field,value) values ('OFF-ONLOAD-PCP-346R2','hot_air_oven.insulation','150mm rock wool 96 kg/m3');
insert into technical_details (document_id,field,value) values ('OFF-ONLOAD-PCP-346R2','hot_air_oven.heating_media','LPG burner 100000 kcal/hr');
insert into technical_details (document_id,field,value) values ('OFF-ONLOAD-PCP-346R2','hot_air_oven.circulation_blower_hp',5.0);
insert into technical_details (document_id,field,value) values ('OFF-ONLOAD-PCP-346R2','hot_air_oven.temperature_control','DTC + Fe-C thermocouple');
insert into technical_details (document_id,field,value) values ('OFF-ONLOAD-PCP-346R2','overhead_conveyor.type','overhead manual push-pull');
insert into technical_details (document_id,field,value) values ('OFF-ONLOAD-PCP-346R2','overhead_conveyor.track_length_m',35);
insert into technical_details (document_id,field,value) values ('OFF-ONLOAD-PCP-346R2','overhead_conveyor.support_structure','MS I-beam');
insert into technical_details (document_id,field,value) values ('OFF-ONLOAD-PCP-346R2','overhead_conveyor.push_pull_trolley','1T capacity - 6 nos');
insert into technical_details (document_id,field,value) values ('OFF-C2C-WS-178','air_volume_cfm',735);
insert into technical_details (document_id,field,value) values ('OFF-C2C-WS-178','air_volume_cmh',1250);
insert into technical_details (document_id,field,value) values ('OFF-C2C-WS-178','tower_diameter_mm',700);
insert into technical_details (document_id,field,value) values ('OFF-C2C-WS-178','tower_height_m',3.5);
insert into technical_details (document_id,field,value) values ('OFF-C2C-WS-178','chamber','SS-304 2mm');
insert into technical_details (document_id,field,value) values ('OFF-C2C-WS-178','tank_material','SS-304 2mm');
insert into technical_details (document_id,field,value) values ('OFF-C2C-WS-178','no_of_tower',1);
insert into technical_details (document_id,field,value) values ('OFF-C2C-WS-178','spray_nozzle_nos',17);
insert into technical_details (document_id,field,value) values ('OFF-C2C-WS-178','spray_nozzle_material','SS-304');
insert into technical_details (document_id,field,value) values ('OFF-C2C-WS-178','pump_capacity_hp',1.0);
insert into technical_details (document_id,field,value) values ('OFF-C2C-WS-178','pump_make','ANALA');
insert into technical_details (document_id,field,value) values ('OFF-C2C-WS-178','demister','PP 650mm dia x 150mm thick');
insert into technical_details (document_id,field,value) values ('OFF-C2C-WS-178','tank_capacity_litre',250);
insert into technical_details (document_id,field,value) values ('OFF-C2C-WS-178','blower_type','centrifugal');
insert into technical_details (document_id,field,value) values ('OFF-C2C-WS-178','blower_static_pressure_mmwc',200);
insert into technical_details (document_id,field,value) values ('OFF-C2C-WS-178','blower_motor_hp',2.0);
insert into technical_details (document_id,field,value) values ('OFF-C2C-WS-178','finish','SS scrubber 2b; MS - epoxy primer and epoxy top coat');
insert into technical_details (document_id,field,value) values ('OFF-C2C-WS-20240921R1','air_volume_cfm',900);
insert into technical_details (document_id,field,value) values ('OFF-C2C-WS-20240921R1','air_volume_cmh',1530);
insert into technical_details (document_id,field,value) values ('OFF-C2C-WS-20240921R1','scrubber_type','horizontal baffle plate - blower mounted over scrubber');
insert into technical_details (document_id,field,value) values ('OFF-C2C-WS-20240921R1','scrubber_dimension','700mm W x 1700mm L');
insert into technical_details (document_id,field,value) values ('OFF-C2C-WS-20240921R1','chamber','SS-304 2mm');
insert into technical_details (document_id,field,value) values ('OFF-C2C-WS-20240921R1','tank_material','SS-304 2mm (MS painted base/supports)');
insert into technical_details (document_id,field,value) values ('OFF-C2C-WS-20240921R1','spray_nozzle_nos',12);
insert into technical_details (document_id,field,value) values ('OFF-C2C-WS-20240921R1','spray_nozzle_material','SS-304');
insert into technical_details (document_id,field,value) values ('OFF-C2C-WS-20240921R1','pump_capacity_hp',1.0);
insert into technical_details (document_id,field,value) values ('OFF-C2C-WS-20240921R1','pump_make','ANALA');
insert into technical_details (document_id,field,value) values ('OFF-C2C-WS-20240921R1','demister','PP 250mm W x 650mm L x 150mm thick');
insert into technical_details (document_id,field,value) values ('OFF-C2C-WS-20240921R1','tank_capacity_litre',380);
insert into technical_details (document_id,field,value) values ('OFF-C2C-WS-20240921R1','blower_type','centrifugal');
insert into technical_details (document_id,field,value) values ('OFF-C2C-WS-20240921R1','blower_static_pressure_mmwc',250);
insert into technical_details (document_id,field,value) values ('OFF-C2C-WS-20240921R1','blower_motor_hp',3.0);
insert into technical_details (document_id,field,value) values ('OFF-C2C-WS-20240921R1','finish','SS 2B scrubber; MS - epoxy primer + epoxy black top coat');
insert into technical_details (document_id,field,value) values ('OFF-OREN-WS-192','air_volume_cfm',2300);
insert into technical_details (document_id,field,value) values ('OFF-OREN-WS-192','air_volume_cmh',4000);
insert into technical_details (document_id,field,value) values ('OFF-OREN-WS-192','tower_diameter_mm',1000);
insert into technical_details (document_id,field,value) values ('OFF-OREN-WS-192','tower_height_m',4.5);
insert into technical_details (document_id,field,value) values ('OFF-OREN-WS-192','chamber','SS-304 2mm');
insert into technical_details (document_id,field,value) values ('OFF-OREN-WS-192','tank_material','SS-304 3mm');
insert into technical_details (document_id,field,value) values ('OFF-OREN-WS-192','no_of_tower',1);
insert into technical_details (document_id,field,value) values ('OFF-OREN-WS-192','spray_nozzle_nos',17);
insert into technical_details (document_id,field,value) values ('OFF-OREN-WS-192','pump_capacity_hp',2.0);
insert into technical_details (document_id,field,value) values ('OFF-OREN-WS-192','pump_make','ANALA');
insert into technical_details (document_id,field,value) values ('OFF-OREN-WS-192','demister','PP 950mm dia x 150mm thick');
insert into technical_details (document_id,field,value) values ('OFF-OREN-WS-192','tank_capacity_litre',650);
insert into technical_details (document_id,field,value) values ('OFF-OREN-WS-192','blower_type','centrifugal');
insert into technical_details (document_id,field,value) values ('OFF-OREN-WS-192','blower_static_pressure_mmwc',200);
insert into technical_details (document_id,field,value) values ('OFF-OREN-WS-192','blower_motor_hp',5.0);
insert into technical_details (document_id,field,value) values ('OFF-OREN-WS-192','blower_moc','SS-304');
insert into technical_details (document_id,field,value) values ('OFF-OREN-WS-192','finish','SS-304');
insert into technical_details (document_id,field,value) values ('OFF-MECCA-WS-164','air_volume_cmh',6100);
insert into technical_details (document_id,field,value) values ('OFF-MECCA-WS-164','tower_diameter_mm',1250);
insert into technical_details (document_id,field,value) values ('OFF-MECCA-WS-164','tower_height_m',4.7);
insert into technical_details (document_id,field,value) values ('OFF-MECCA-WS-164','chamber','10mm (5mm PP + 5mm FRP lining)');
insert into technical_details (document_id,field,value) values ('OFF-MECCA-WS-164','no_of_tower',2);
insert into technical_details (document_id,field,value) values ('OFF-MECCA-WS-164','spray_nozzle_nos',10);
insert into technical_details (document_id,field,value) values ('OFF-MECCA-WS-164','spray_nozzle_material','PP');
insert into technical_details (document_id,field,value) values ('OFF-MECCA-WS-164','pump_capacity_hp',2.0);
insert into technical_details (document_id,field,value) values ('OFF-MECCA-WS-164','pump_make','ANALA');
insert into technical_details (document_id,field,value) values ('OFF-MECCA-WS-164','packing','PP pall rings');
insert into technical_details (document_id,field,value) values ('OFF-MECCA-WS-164','demister','PP mist eliminator / pall rings');
insert into technical_details (document_id,field,value) values ('OFF-MECCA-WS-164','blower_type','centrifugal');
insert into technical_details (document_id,field,value) values ('OFF-MECCA-WS-164','blower_motor_hp',12.5);
insert into technical_details (document_id,field,value) values ('OFF-MECCA-WS-164','blower_moc','PP + FRP');
insert into technical_details (document_id,field,value) values ('OFF-MECCA-WS-164','ph_controller','Mepcco PhM 600-1');
insert into technical_details (document_id,field,value) values ('OFF-GROWEL-WS-190','air_volume_cfm',7000);
insert into technical_details (document_id,field,value) values ('OFF-GROWEL-WS-190','tower_diameter_mm',1800);
insert into technical_details (document_id,field,value) values ('OFF-GROWEL-WS-190','tower_height_m',4.7);
insert into technical_details (document_id,field,value) values ('OFF-GROWEL-WS-190','chamber','10mm (5mm PP + 5mm FRP lining)');
insert into technical_details (document_id,field,value) values ('OFF-GROWEL-WS-190','spray_nozzle_nos',40);
insert into technical_details (document_id,field,value) values ('OFF-GROWEL-WS-190','spray_nozzle_material','PP');
insert into technical_details (document_id,field,value) values ('OFF-GROWEL-WS-190','pump_capacity_hp',7.5);
insert into technical_details (document_id,field,value) values ('OFF-GROWEL-WS-190','pump_make','ANALA');
insert into technical_details (document_id,field,value) values ('OFF-GROWEL-WS-190','pump_motor','FLP');
insert into technical_details (document_id,field,value) values ('OFF-GROWEL-WS-190','packing','PP pall rings');
insert into technical_details (document_id,field,value) values ('OFF-GROWEL-WS-190','demister','PP mist eliminator');
insert into technical_details (document_id,field,value) values ('OFF-GROWEL-WS-190','blower_type','centrifugal');
insert into technical_details (document_id,field,value) values ('OFF-GROWEL-WS-190','blower_motor_hp',25);
insert into technical_details (document_id,field,value) values ('OFF-GROWEL-WS-190','blower_moc','PP + FRP');
insert into technical_details (document_id,field,value) values ('OFF-GROWEL-WS-190','blower_motor','FLP IE3');
insert into price_items (document_id,item,amount,currency) values ('OFF-MECCA-DC-147R4','dust_collection_system',3625350,'INR');
insert into price_items (document_id,item,amount,currency) values ('OFF-MELSS-DC-160','dust_collector',1352000,'INR');
insert into price_items (document_id,item,amount,currency) values ('OFF-MELSS-DC-160','ducts_dampers',662000,'INR');
insert into price_items (document_id,item,amount,currency) values ('OFF-ASCEND-DC-FES070624R5','grand_total',6410000,'INR');
insert into price_items (document_id,item,amount,currency) values ('OFF-RAPSRI-DC-203R1','unit',285000,'INR');
insert into price_items (document_id,item,amount,currency) values ('OFF-RAPSRI-DC-203R1','final_price',270750,'INR');
insert into price_items (document_id,item,amount,currency) values ('OFF-OMENGG-DC-323','unit',53500,'INR');
insert into price_items (document_id,item,amount,currency) values ('OFF-ZFWABCO-OVEN-424R4','oven',1352600,'INR');
insert into price_items (document_id,item,amount,currency) values ('OFF-ZFWABCO-OVEN-424R4','motorized_trolley',228400,'INR');
insert into price_items (document_id,item,amount,currency) values ('OFF-SURFACE-OVEN-356R3','conveyor',3020875,'INR');
insert into price_items (document_id,item,amount,currency) values ('OFF-SURFACE-OVEN-356R3','bake_oven',4179225,'INR');
insert into price_items (document_id,item,amount,currency) values ('OFF-SURFACE-OVEN-356R3','final_price',9000000,'INR');
insert into price_items (document_id,item,amount,currency) values ('OFF-AG-FE-205R2','grand_total',865750,'INR');
insert into price_items (document_id,item,amount,currency) values ('OFF-AG-FE-205R2','final_price',798000,'INR');
insert into price_items (document_id,item,amount,currency) values ('OFF-ARMSTRONG-CONV-395','supply',165000,'INR');
insert into price_items (document_id,item,amount,currency) values ('OFF-ARMSTRONG-CONV-395','installation',85000,'INR');
insert into price_items (document_id,item,amount,currency) values ('OFF-ECOCHIMNEYS-BLAST-072409R4','grand_total',3864400,'INR');
insert into price_items (document_id,item,amount,currency) values ('OFF-ECOCHIMNEYS-BLAST-072409R4','final_price',3300000,'INR');
insert into price_items (document_id,item,amount,currency) values ('OFF-WHEELS-PT-97R4','grand_total',9964925,'INR');
insert into price_items (document_id,item,amount,currency) values ('OFF-WHEELS-PT-97R4','final_price',8600000,'INR');
insert into price_items (document_id,item,amount,currency) values ('OFF-TRIDENT-PT-198R2','grand_total',12407100,'INR');
insert into price_items (document_id,item,amount,currency) values ('OFF-TRIDENT-PT-198R2','final_price',11166390,'INR');
insert into price_items (document_id,item,amount,currency) values ('OFF-YONEX-DUCT-286R2','duct',150000,'INR');
insert into price_items (document_id,item,amount,currency) values ('OFF-YONEX-DUCT-286R2','supports',70000,'INR');
insert into price_items (document_id,item,amount,currency) values ('OFF-YONEX-DUCT-286R2','erection',140000,'INR');
insert into price_items (document_id,item,amount,currency) values ('OFF-BAKERHUGHES-PB-275R3A','grand_total',4150400,'INR');
insert into price_items (document_id,item,amount,currency) values ('OFF-CRI-PB-082406R4','grand_total',7091800,'INR');
insert into price_items (document_id,item,amount,currency) values ('OFF-CRI-PB-082406R4','final_price',6000000,'INR');
insert into price_items (document_id,item,amount,currency) values ('OFF-DMN-PB-180624R3','grand_total',863000,'INR');
insert into price_items (document_id,item,amount,currency) values ('OFF-DMN-PB-180624R3','final_price',815000,'INR');
insert into price_items (document_id,item,amount,currency) values ('OFF-ELGI-PB-402R5','grand_total',2995460,'INR');
insert into price_items (document_id,item,amount,currency) values ('OFF-ELGI-PB-402R5','final_price',2695914,'INR');
insert into price_items (document_id,item,amount,currency) values ('OFF-GMR-PB-143R2','grand_total',2295000,'INR');
insert into price_items (document_id,item,amount,currency) values ('OFF-INNOTRANS-PB-344R4','grand_total',1395000,'INR');
insert into price_items (document_id,item,amount,currency) values ('OFF-INNOTRANS-PB-344R4','final_price',1365000,'INR');
insert into price_items (document_id,item,amount,currency) values ('OFF-KOBELCO-PB-86R2','booth_ahu',3150000,'INR');
insert into price_items (document_id,item,amount,currency) values ('OFF-KOBELCO-PB-86R2','exhaust_ducts',532500,'INR');
insert into price_items (document_id,item,amount,currency) values ('OFF-KOBELCO-PB-86R2','motorized_trolley',1505500,'INR');
insert into price_items (document_id,item,amount,currency) values ('OFF-KOBELCO-PB-86R2','sprinkler',575000,'INR');
insert into price_items (document_id,item,amount,currency) values ('OFF-RABWIN-PB-437R1','total',1626675,'INR');
insert into price_items (document_id,item,amount,currency) values ('OFF-RABWIN-PB-437R1','final_price',1226675,'INR');
insert into price_items (document_id,item,amount,currency) values ('OFF-SEPL-PB-289R1','stator_booth',378500,'INR');
insert into price_items (document_id,item,amount,currency) values ('OFF-SEPL-PB-289R1','rotor_booth',378500,'INR');
insert into price_items (document_id,item,amount,currency) values ('OFF-SEENIVASAN-PB-204R2','grand_total',510500,'INR');
insert into price_items (document_id,item,amount,currency) values ('OFF-SEENIVASAN-PB-204R2','final_price',485500,'INR');
insert into price_items (document_id,item,amount,currency) values ('OFF-STMSPA-PB-349R1','booth',258730,'INR');
insert into price_items (document_id,item,amount,currency) values ('OFF-STMSPA-PB-349R1','duct',19200,'INR');
insert into price_items (document_id,item,amount,currency) values ('OFF-STMSPA-PB-349R1','erection',40000,'INR');
insert into price_items (document_id,item,amount,currency) values ('OFF-SYNERGY-PB-209R3','booth_blower',1700000,'INR');
insert into price_items (document_id,item,amount,currency) values ('OFF-VALV-PB-133R6','paint_booth',795000,'INR');
insert into price_items (document_id,item,amount,currency) values ('OFF-VALV-PB-133R6','blasting_booth',1585000,'INR');
insert into price_items (document_id,item,amount,currency) values ('OFF-YONEX-PB-367','booth',605000,'INR');
insert into price_items (document_id,item,amount,currency) values ('OFF-ONLOAD-PCP-346R2','powder_booth_pulse_jet',1180550,'INR');
insert into price_items (document_id,item,amount,currency) values ('OFF-ONLOAD-PCP-346R2','manual_guns',624700,'INR');
insert into price_items (document_id,item,amount,currency) values ('OFF-ONLOAD-PCP-346R2','hot_air_oven',1063960,'INR');
insert into price_items (document_id,item,amount,currency) values ('OFF-ONLOAD-PCP-346R2','overhead_conveyor',421200,'INR');
insert into price_items (document_id,item,amount,currency) values ('OFF-ONLOAD-PCP-346R2','installation',400000,'INR');
insert into price_items (document_id,item,amount,currency) values ('OFF-ONLOAD-PCP-346R2','grand_total',3775410,'INR');
insert into price_items (document_id,item,amount,currency) values ('OFF-ONLOAD-PCP-346R2','final_price',3397869,'INR');
insert into price_items (document_id,item,amount,currency) values ('OFF-C2C-WS-178','scrubber',585000,'INR');
insert into price_items (document_id,item,amount,currency) values ('OFF-C2C-WS-20240921R1','unit_price',588000,'INR');
insert into price_items (document_id,item,amount,currency) values ('OFF-C2C-WS-20240921R1','grand_total',1176000,'INR');
insert into price_items (document_id,item,amount,currency) values ('OFF-OREN-WS-192','scrubber',1517100,'INR');
insert into price_items (document_id,item,amount,currency) values ('OFF-OREN-WS-192','duct',207100,'INR');
insert into price_items (document_id,item,amount,currency) values ('OFF-MECCA-WS-164','scrubber_system',1842500,'INR');
insert into price_items (document_id,item,amount,currency) values ('OFF-GROWEL-WS-190','scrubber_system',1213400,'INR');
insert into price_items (document_id,item,amount,currency) values ('OFF-GROWEL-WS-190','ducts',513750,'INR');
